{ "dogs": { "burned": 168970.04817745715, "block": 23838783 }, "pigs": { "burned": 47252.99638775438, "block": 24104030 } }
