{"dogs":{"burned":172655.94440533614,"block":24229026},"pigs":{"burned":47379.08799782579,"block":24229026}}
