{"dogs":{"burned":0.08551337445429835,"block":22676458},"pigs":{"burned":45274.560476024,"block":22676458}}