{"dogs":{"burned":170763.08104146307,"block":24104340},"pigs":{"burned":47253.300058437075,"block":24104340}}
