{"dogs":{"burned":170828.37002259304,"block":24107005},"pigs":{"burned":47256.16165118356,"block":24107005}}
