{"dogs":{"burned":172825.56536812117,"block":24304922},"pigs":{"burned":47420.19954193644,"block":24304922}}
