{"dogs":{"burned":170972.81054248544,"block":24112880},"pigs":{"burned":47264.24282871695,"block":24112880}}
