{"dogs":{"burned":170763.081016445,"block":24104233},"pigs":{"burned":47253.300058437075,"block":24104233}}
